Country Name,Years,hhi,eci_trade,service_%of_gdp,manufactuaring_%of_gdp,export_diversification_index,outbound_mobility_ratio,remittances_received_us_dollars,gdp_per_capita,researchers_per_million,tertiary_education,cpi,trade_gdp_ratio,fdi,fixed_telephone_subscriptions,political_stability_wgi,rule_of_law_wgi,journal_article,graduate_students,undergraduate_students,education_expenditure,net_migration
Bangladesh,1995,0.152760115,-1.676627,45.12850071,15.90000685,4.2468886,1.333601,1201664267,309.4586808,0,1.167788,10,28.20949608,0.004998378188,286605,-0.7543102,-1.055204,356.7078571,559.8768182,1607.386912,2.116072525,-231304
Bangladesh,1996,0.1477646321,-1.649894,50.12420143,14.00264514,4.2315159,1.331974,1344661209,371.9179377,0,1.844715,22.9,26.07608772,0.02913495519,316081,-0.5488152504,-0.9340237379,368.49,557.0762727,1567.101559,2.111848338,-254239
Bangladesh,1997,0.1638015019,-1.623161,49.93417578,14.11978066,4.3678856,1.330348,1526499544,379.2849177,0,2.521643,12,26.32551339,0.2888965675,368017,-0.837574,-1.028263,396.28,554.2757273,1526.816206,1.952469945,-273442
Bangladesh,1998,0.1749075757,-1.67946507,49.83362704,14.85983116,4.4504237,1.328721,1605786652,385.6168818,0,3.19857,12,27.8800634,0.3802361669,412607,-0.3707467616,-0.9358645082,389.76,551.4751818,1486.530853,2.137878676,-286966
Bangladesh,1999,0.1513541,-1.615861157,50.20074326,14.38909508,4.5068464,1.01082,1806794192,388.0956843,0,5.479310036,13,28.38794056,0.350304291,432968,-0.9208378,-1.001322,407.26,548.6746364,1446.2455,2.132819891,-286256
Bangladesh,2000,0.1707306925,-1.467747105,50.5663243,14.03531575,4.5367198,1.08814,1967528858,396.6707302,0,5.46036005,14,29.32171436,0.5253620892,491303,-0.7262612581,-0.9911299944,444.19,577.795,2004,2.125080109,-512422
Bangladesh,2001,0.1598487474,-1.459351973,50.58011856,14.17835702,4.5618601,1.07173,2104551469,394.65641,0,6.424399853,4,32.09801707,0.1454439046,564880,-1.004102,-0.9743815,434.28,591.665,1818.53,2.171930075,-737740
Bangladesh,2002,0.150113304,-1.591365314,51.5724175,14.31743755,4.5729461,1.35323,2858057770,393.8864223,0,6.135369778,12,28.96738072,0.09557936765,605931,-1.032590389,-0.9916012287,420.78,566.115,1584.47,2.017149925,-819909
Bangladesh,2003,0.1161569529,-1.609358793,52.40049242,14.14546156,4.6201849,1.75298,3191664732,426.7488075,0,6.196889877,13,27.6578849,0.4459607833,742048,-1.115581155,-1.151943922,493.64,551.88,1297.29,2.069390059,-896335
Bangladesh,2004,0.1087037401,-1.548573508,52.80586182,14.44207319,4.6322732,1.76371,3583817228,455.6140169,0,5.728839874,15,26.85823415,0.6894723356,830950,-1.360476375,-1.122482061,531.3,478.88,1027.54,1.940140009,-970264
Bangladesh,2005,0.1210349091,-1.446023287,52.8799569,14.74399876,4.6421151,1.58183,4314502846,480.0858508,0,6.295829773,17,34.39693486,1.170651674,1070000,-1.863839388,-0.9785518646,593.35,498.59,839.13,2.167708759,-1036635
Bangladesh,2006,0.1145533696,-1.366443395,52.74459719,15.30756218,4.6803441,1.37859,5427515429,490.3880265,0,7.241710186,20,38.11192443,0.6358638995,1134000,-1.507097363,-0.907564044,740.2,446.395,772.73,2.131289959,-1091865
Bangladesh,2007,0.1087297234,-1.099896443,52.8840218,15.93407299,4.6558933,1.3757,6562316322,537.9554928,0,7.867129803,20,39.94238265,0.8177569227,1186920,-1.543071628,-0.8271559477,871.17,447.855,688.07,2.202219963,-1133553
Bangladesh,2008,0.09785308238,-1.04786174,52.93212168,16.12436697,4.7234402,1.28301,8940611606,613.062041,0,8.842450142,21,42.62091403,1.449657916,1344460,-1.508331299,-0.7523735762,1056.49,518.665,819.21,2.05456996,-1158420
Bangladesh,2009,0.09548098136,-1.081447278,53.32332353,16.48018606,4.8244038,1.22278,10520653006,679.2114774,0,10.81634998,24,40.09279622,0.8795171425,1234900,-1.546771407,-0.7845714688,1159.19,533.265,707.99,1.939419985,-1150194
Bangladesh,2010,0.09126973851,-1.259619849,53.49829628,16.12122836,4.7623401,1.309203,10850211617,757.3852804,0,11.3217,22,37.80284267,1.068967663,1280780,-1.425789475,-0.8010132909,1426.96,639.48,682.26,2.163953996,-1113727
Bangladesh,2011,0.08277442497,-1.298680954,53.04579211,15.99673425,4.8026147,1.12576,12071073184,837.3369447,0,13.57241726,27,47.42084984,0.9833993642,977700,-1.404736876,-0.7333355546,1391.46,744.965,717.95,2.132699966,-848910
Bangladesh,2012,0.0754521413,-1.314295838,53.15157724,15.91422067,4.8944931,1.11383,14119627034,859.6805364,0,13.66753769,26,48.11092275,1.188503919,961589,-1.379088998,-0.9361673594,1921.35,857.385,852.41,2.046670675,-829875
Bangladesh,2013,0.0744485946,-1.298812438,53.39018142,16.44201947,4.9444904,1.304324,13866954019,958.2629898,0,13.65109444,27,46.29640272,1.735320125,1082350,-1.627858877,-0.8715798855,1787.42,1029.665,1127.14,1.966160059,-862944
Bangladesh,2014,0.07066728,-1.138227231,53.63575432,16.61270766,4.9510236,1.302697,14987531479,1094.461997,0,13.65344143,25,44.5140802,1.468703051,974181,-0.8955631852,-0.7823567986,2408.26,1190.265,1240.02,2.098716736,-889222
Bangladesh,2015,0.07226064843,-1.32243943,53.71383194,16.78867356,4.986585897,1.301071,15295536095,1224.386477,0,15.59071636,25,42.08599631,1.450782455,864263,-1.209773779,-0.7696053386,2182.74,1402.33,1482.38,1.872254133,-909223
Brazil,1995,0.06695007802,0.5876192275,58.12141637,14.54227915,1.8555015,0.6960987619,2952000000,4756.748408,98.03004412,9.753773535,27,16.98446,0.6315860204,13263000,-0.05012511467,-0.4331081532,7010.799,928.8552206,2678.733456,4.568160057,-69963
Brazil,1996,0.0635751717,0.5951263604,60.31887979,13.06719124,1.8418494,0.675927619,2059000000,5179.13052,138.2524484,11.90404987,29.6,15.63559148,1.475965411,15105886,-0.2204601318,-0.2235022038,8152.42,946.1326029,2769.044779,3.38287456,-71943
Brazil,1997,0.06513260887,0.6026334934,60.60571281,13.01862538,1.9119108,0.6557564762,1572000000,5299.396304,178.4748526,13.66317566,35.6,16.57620926,2.150453059,17038823,-0.02650699298,-0.4389642939,9303.48,963.4099853,2859.356103,3.529493114,-72392
Brazil,1998,0.07020195667,0.6825657012,61.11859304,12.1551372,1.8941972,0.7259,1236000000,5105.890995,218.6972569,13.46652031,40,16.43858493,3.340888093,19986556,-0.3395057917,-0.2029920816,10498.24,980.6873676,2949.667426,4.756659985,21666
Brazil,1999,0.07840596207,0.5941776742,60.20365663,12.30853333,1.8590934,0.6621,1501000000,3493.571625,258.9196612,14.69579983,41,20.98216648,4.733770227,24985000,0.02829810898,-0.4482460386,11423.81,997.96475,3039.97875,3.800620079,-23497
Brazil,2000,0.07904492087,0.5992433249,58.25186125,13.13465959,1.8819318,0.62108,1349591000,3766.548115,295.3996582,20.91373787,39,22.63976136,5.033916805,30926300,0.1841016263,-0.2448718548,12800.36,1130.405,4145.02,3.948930025,-45800
Brazil,2001,0.07285780963,0.5859414389,57.71369225,13.08953794,1.9144863,0.55872,1448914000,3176.289357,337.6682434,22.75644493,40,26.93628502,4.147593774,37430800,-0.04758409582,-0.4448247578,13914.7,1193.915,4084.43,3.844680071,-51600
Brazil,2002,0.08080759929,0.6194923725,57.34814547,12.35696267,1.9180897,0.54531,2003791000,2855.940189,398.7863464,24.59915199,40,27.6183574,3.253580613,38810700,0.3278002739,-0.2666113079,16156.58,1188.075,3709.27,3.750370026,-42008
Brazil,2003,0.07249431998,0.5829481868,56.35782814,14.45076456,1.9093754,0.50288,2286680000,3090.60701,423.7693481,26.44185905,39,28.14038472,1.813400524,39205000,0.004213934299,-0.367893666,17730.62,1101.57,3521.69,4.200878382,-55350
Brazil,2004,0.06427447063,0.6428699525,54.92047111,15.09953016,1.9024656,0.4511,2812514000,3663.823188,483.9042053,28.28456612,39,29.67825248,2.713531663,39578900,-0.2759928107,-0.4009201229,19960.57,1027.11,3116.65,3.974479914,-76661
Brazil,2005,0.06208323516,0.6649329295,56.07589161,14.73828114,1.9380722,0.42481,2805358000,4827.781731,509.9937744,30.12727318,37,27.08679521,1.733893546,39852600,-0.2633797526,-0.4755314589,22460.22,948.635,2973.06,4.4790802,-88868
Brazil,2006,0.05879947715,0.6906291001,57.1381272,14.10894587,1.9919741,0.40837,3287162000,5934.144711,544.2269897,31.96998024,33,26.04169989,1.753125703,38800200,-0.2949111164,-0.4026201963,28610.05,968.345,2921.6,4.870600224,-90634
Brazil,2007,0.05115457351,0.7598303333,57.72623621,14.1542648,2.0398476,0.38607,3305694000,7409.691307,556.0471802,33.8126873,35,25.29261137,3.190826013,39399600,-0.3579480946,-0.4097794294,31153.54,1023.46,3080.96,4.974259853,-107481
Brazil,2008,0.05399424346,0.7573420308,56.80486177,13.9551769,2.248229,0.42907,3642585000,8908.331766,591.6013794,35.65539436,35,27.25756942,2.990609469,41235200,-0.3134247065,-0.2880447805,35574.01,1101.935,3486.83,5.268839836,-141056
Brazil,2009,0.05592186653,0.6958764674,59.14505921,13.05946215,2.290113,0.42354,2889159500,8678.659225,626.4386597,37.49810143,37,22.1059756,1.888482241,41497000,0.1636642218,-0.1038546935,38510.99,1139.165,3388.89,5.463550091,-220207
Brazil,2010,0.05846824987,0.6890802444,57.61292197,12.72185961,2.5023816,0.42166,3082801866,11403.28213,687.1110229,39.34080849,37,22.77217811,3.730012883,42141400,0.01347591076,0.05641443655,41760.03,1114.71,3370.63,5.648799896,-261539
Brazil,2011,0.06373691075,0.7040838755,57.56816932,11.78379767,2.6026452,0.41753,3214602243,13396.62436,738.6164551,41.18351555,38,23.93440518,3.915180114,43025800,-0.1325754225,0.04514172301,44155.52,1076.385,3498.45,5.737410069,-235860
Brazil,2012,0.06529350676,0.7240637148,58.7336025,10.67594231,2.5704279,0.43767,2784072055,12521.72135,789.2459106,43.23085022,43,25.11427361,3.754962856,44305300,0.04596164078,-0.07693279535,48166.15,1092.81,3886.89,5.855100155,-179707
Brazil,2013,0.07206683066,0.750742076,59.67875799,10.47961229,2.5355728,0.3330181905,2717675069,12458.89121,839.2103882,44.33937073,42,25.78595733,3.041509016,45038100,-0.2585532963,-0.09204520285,50197.15,1138.07,4230.51,5.838850021,-157228
Brazil,2014,0.07477313233,0.6989991412,61.25097401,10.3370974,2.5630639,0.3128470476,2647908513,12274.99397,888.4638672,47.1568718,43,24.68540581,3.57135267,44128200,-0.07029013336,-0.05296576023,52367.03,1500.15,5705.42,5.948480129,-145732
Brazil,2015,0.07242977504,0.688304054,62.30786717,10.52093746,2.568846336,0.2926759048,2896909952,8936.196618,902.4781294,48.43404007,38,26.95362594,3.592149318,43677100,-0.3318644464,-0.187332958,53504.24,1572.42,5801.7,6.24105978,-173611
China,1995,0.1743766054,-0.5308304965,33.65293801,34.8041438,1.9492984,1.858665309,350000000,609.6043379,367.1914657,4.673590183,21.6,34.27703884,4.8808632,40705700,-0.2653989546,-0.6090949768,28531.225,16786.69269,6093.86,1.841920018,-365986
China,1996,0.167696595,-0.4522801613,33.57027127,34.57538468,1.9944654,1.863404029,1672000000,709.4158882,447.9281006,5.295780182,24.3,33.81464379,4.651812663,54947000,-0.09784882516,-0.5455899835,33621.11,16982.65511,6251.3525,1.853389978,-250750
China,1997,0.1571456655,-0.3737298261,35.00567727,34.34662556,1.9877515,1.86814275,4589000000,781.7425612,477.3809509,5.823050022,28.8,34.53308818,4.73E+00,70310000,-0.3397720236,-0.6072648967,37424.8,17178.61753,6408.845,1.244549271,-279251
China,1998,0.1576040436,-0.3780588777,37.04332902,34.11786644,2.0195618,1.97298,344000000,828.594691,390.7709351,6.2884202,35,32.42414013,4.435501024,87420937,-0.3941052258,-0.4768053591,43775.33,17374.57994,6566.3375,1.844329953,-40472
China,1999,0.1544321079,-0.3071098821,38.57534809,33.88910732,2.0300333,1.93345,530000000,873.2923363,424.4533997,6.620289803,34,33.52436425,3.748981237,108715763,-0.3592609536,-0.6203706577,45192.17,17570.54236,6723.83,1.888039947,-96102
China,2000,0.1322426606,-0.1150522501,39.78765517,33.6603482,2.0154033,1.91777,758082000,959.3604314,551.807251,7.558499813,31,39.4110339,3.475125903,144829000,-0.2099168748,-0.5161171556,53284.78,17530.585,6849.16,1.58884016,-62622
China,2001,0.1232990735,-0.0090157568,41.22312631,33.43158908,2.0144229,1.76248,1209000000,1053.112314,585.4745483,9.228859901,35,38.52721033,3.512988539,180368000,-0.4338069709,-0.6242046022,70675.54,18603.685,7186.97,1.785057805,-176419
China,2002,0.1209707565,-0.0420543644,42.24794475,33.20282996,2.0331006,1.84868,2353070422,1148.514257,634.7643433,11.71570969,35,42.74718156,3.609081135,214222000,-0.327627182,-0.5170297623,75171.18,19065.775,7871.72,1.98127545,-761291
China,2003,0.1085007642,-0.0191500865,42.02821619,32.97407084,2.064152,2.05962,4625331810,1288.637491,670.9215088,14.3912096,34,51.80421957,3.487418899,262747000,-0.5653579235,-0.5530438423,88585.08,18540.54,6668.22,2.177493095,-613223
China,2004,0.09957336536,0.1945272849,41.18314017,31.97506997,2.0689375,2.02266,6641220179,1508.667916,716.4776001,16.77984047,34,59.50553141,3.483641535,311756000,-0.3906806707,-0.5854687095,121751.14,17991.945,6888.17,2.373710741,-770977
China,2005,0.09437876138,0.2472856463,41.33592592,32.09392433,2.072325,1.95875,3337061829,1753.414192,859.9761353,18.55514908,32,62.20802192,4.554263482,350445000,-0.5017566085,-0.6501728892,165867.16,17380.205,7722.32,2.391905546,-103701
China,2006,0.0866037706,0.3955005338,41.81684191,32.45232806,2.054028,1.74345,4319492609,2099.21943,934.9307251,20.50988007,33,64.4791912,4.508600503,367786000,-0.5400301218,-0.699893415,192881.56,17508.32,8290.04,2.441284418,-759559
China,2007,0.07485527003,0.5755275069,42.86966501,32.38335312,1.9005246,1.6979,6833129702,2693.958732,1080.573608,21.44643021,35,62.19362509,4.400983342,365637000,-0.5005537271,-0.5973977447,213648.18,19362.155,13653.5,2.700734854,-1042019
China,2008,0.06501603752,0.6629079719,42.85977979,32.1194116,1.8558888,1.72298,9136546900,3468.327063,1201.118774,21.85469055,36,57.61234224,3.733610711,340359000,-0.4930884242,-0.4791746736,248120.21,20969.98,21808.25,3.631788254,-764370
China,2009,0.06795515173,0.6838964436,44.4066672,31.59623809,1.9815483,1.7659,9209489821,3832.227457,863.4429932,23.27021027,36,45.18497621,2.568894307,313732000,-0.4517813325,-0.4632137716,285755.68,24255.345,33134.43,3.751522064,-177135
China,2010,0.06440399586,0.6693921548,44.17699192,31.61282168,2.0401247,1.83136,13636040942,4550.473944,901.1259766,25.28606987,35,50.71707766,4.003544569,294383000,-0.6570606828,-0.4726018608,309193.41,28042.95,47290.08,3.559665203,-184144
China,2011,0.06090735219,0.7588226843,44.29305673,32.06479119,1.9909364,2.07814,16568371453,5614.386022,974.421875,26.80752945,36,50.74090459,3.708806517,285115000,-0.6020548344,-0.4538099766,323331.81,32276.585,61848.28,3.809216976,-416189
China,2012,0.06281032426,0.815726697,45.46330539,31.52857787,2.0168903,2.12966,17065623287,6300.58218,1031.223633,29.32504082,39,48.26752237,2.827105336,278153000,-0.5387820601,-0.5453844666,329067.39,37779.325,77844.87,4.297888756,-58864
China,2013,0.06192151017,0.8465946221,46.8804015,30.67100807,2.0342629,2.08897,17790105219,7020.386074,1081.9646,32.76203156,40,46.74437558,3.039854863,266985000,-0.5437899232,-0.5258893967,355650.59,42240.355,91756.5,4.129804134,-188951
China,2014,0.06091787699,0.8611458001,48.27094049,30.39644421,2.005831,1.948701,29910500593,7636.07434,1104.08313,43.8821907,36,44.90521595,2.55924761,249430000,-0.5225840211,-0.396053195,385100.77,43920.815,103378.16,4.105360031,-371108
China,2015,0.06433397168,0.8640843205,50.77164515,28.95167058,2.005071724,1.953439721,33104675862,8016.445595,1164.940308,47.43537903,37,39.46416934,2.192177731,230996000,-0.5525596738,-0.4084556997,406733.9,44986.25,112572.07,4.242012501,-646941
Colombia,1995,0.1618188533,-0.08916599722,53.93343978,14.76150465,3.1268251,1.382936573,815117639.4,2583.349914,0,17.14756012,34.4,35.49723032,1.046930227,3872845,-2.340519374,-0.9423653598,318.094,910.5166544,3825.164853,4.609074235,-33097
Colombia,1996,0.180832652,-0.07926312396,57.21606322,14.40920351,3.0747859,1.3804143,753036298.8,2664.456256,0,18.4493103,27.3,36.04410719,3.202849248,4645453,-1.6478585,-0.75183779,362.45,919.3550221,3731.835015,4.450787187,-28251
Colombia,1997,0.1796289364,-0.06936025069,58.39443372,13.78880337,3.1108325,1.377892027,773519090.5,2873.200188,0,21.67609978,22.3,35.59706809,5.215075278,5394757,-2.372057696,-0.9006096143,406.22,928.1933897,3638.505176,4.292500138,-23600
Colombia,1998,0.1801545169,-0.0208683824,58.91641643,14.05131564,3.0386012,1.11964,805925070,2605.999381,0,24.20474052,22,35.90892305,2.872302624,6366944,-1.793921709,-0.662920475,394.84,937.0317574,3545.175338,3.926440001,-8186
Colombia,1999,0.2774176372,-0.0418720852,58.22485012,13.84937572,3.1264133,1.1519,1312052329,2243.64205,0,23.69676971,29,36.14927931,1.747711547,6665422,-2.367388463,-0.8677330656,463.17,945.870125,3451.8455,4.44080019,-22698
Colombia,2000,0.2580553394,-0.0355608691,57.19437398,13.93270065,3.0527713,1.28832,1610122976,2555.00751,0,25.50968933,32,32.66708547,2.439507479,7192780,-1.608960748,-0.9250379205,535.48,799.35,2943.18,3.511209965,-27878
Colombia,2001,0.201458574,0.0680911039,57.16467937,14.13719665,2.7943144,1.33914,2056358873,2472.99084,0,26.38125992,38,33.90111179,2.588519363,7371550,-2.401200335,-0.7525039374,533.64,1017.985,3651.17,3.708679914,-28582
Colombia,2002,0.2074161111,0.0655414249,56.45862801,14.03292802,2.7923875,1.69574,2479942596,2428.929698,0,26.51309967,36,32.98263921,2.178447514,7766000,-1.956714392,-0.7490730882,680.85,1016.16,3649.51,3.501064897,-24387
Colombia,2003,0.2119623484,-0.0483020583,54.90278874,14.23745617,2.7579746,1.503726667,3076018647,2311.942188,0,26.72020045,37,36.51618352,1.817839311,7848270,-2.376026869,-0.7391175628,713.03,980.39,3603.86,3.342777848,-33114
Colombia,2004,0.1812655233,-0.0397528668,54.15255945,14.41341036,2.7415314,1.56928,3189709844,2818.571954,0,29.50345993,38,35.86342693,2.660834888,7588680,-2.271226406,-0.6952001452,858.09,995.355,3246.13,3.1844908,-25949
Colombia,2005,0.1661908549,-0.1007693239,53.17051231,15.99104031,2.7715223,1.44992,3345610321,3456.066109,6.128211339,32.25397873,40,37.42269749,7.029794014,7678800,-2.057942867,-0.6330818534,988.47,1002.29,2670.11,3.026203752,-41465
Colombia,2006,0.1506778495,0.0002546045,52.51071792,15.97860609,2.7627704,1.33523,3899159914,3789.853612,12.38684209,34.36621094,39,39.64135596,4.172385101,7860210,-1.90479672,-0.5083879232,1449.56,1020.54,2515.73,2.867916703,-39303
Colombia,2007,0.1244380906,0.0350012941,52.95491778,16.15426622,2.8234811,1.33935,4460194477,4769.926147,18.64547284,35.47853088,38,37.0988971,4.308676806,7924100,-1.806527257,-0.4329803884,1562.09,1017.255,2352.22,2.709629655,-49634
Colombia,2008,0.130836774,-0.0002722059,52.0115244,15.37370371,2.9462788,1.35197,4826851232,5541.836297,24.9041036,37.94480133,38,39.16764942,4.356278346,7928940,-1.853462338,-0.3812359869,2357.93,1092.445,2467.59,2.551342607,-63313
Colombia,2009,0.1411809628,-0.0327533088,53.48004482,14.78007233,2.9533794,1.40701,4124862554,5250.972924,31.16273435,39.50880051,37,35.15612851,3.456270652,7473870,-1.832345843,-0.367777586,2705.91,1136.245,2126.46,2.393055558,-46901
Colombia,2010,0.1705263144,-0.0353701073,53.39907363,13.9670257,3.43625,1.45671,4030846326,6398.295845,37.4213651,41.52967072,35,34.26460317,2.244335956,7186170,-1.537184834,-0.2713856101,3169.79,1073.1,1993.66,2.23476851,-34220
Colombia,2011,0.1812197306,0.0136000547,51.44009189,13.21760258,3.6708233,1.38609,4101315891,7400.99407,43.67999585,45.28733063,34,39.47042355,4.372695361,7126730,-1.284655571,-0.2173614651,3541.93,1010.32,1982.87,2.076481462,-46385
Colombia,2012,0.1654670457,0.0943823993,51.98730096,13.08928488,3.7812002,1.28252,4018674668,8108.598382,49.93862661,47.46699142,36,38.83515102,4.057280413,7066130,-1.401810408,-0.3259191215,4076.94,1011.78,2022.71,1.918194413,-56070
Colombia,2013,0.1406052094,0.1366208501,53.35117415,12.6623563,3.8821647,1.20939,4449831680,8279.102556,57.95972061,50.74748993,36,37.9866488,4.24252458,7141460,-1.291971803,-0.3882690966,4525.2,1034.775,2250.96,1.759907365,-64789
Colombia,2014,0.1307817506,0.2433651506,54.63407537,12.26931864,3.9547873,1.253767333,4165731073,8187.208249,58.93096161,53.17943954,37,37.48746564,4.241072567,7180940,-1.114594102,-0.2522915304,4993.33,1026.745,2433.56,1.601620317,-67522
Colombia,2015,0.1461262797,0.1435711409,56.21554582,12.40089376,3.536599982,1.231043758,5001596492,6248.514905,70.47698212,54.79613113,37,38.36076412,3.959398549,7109250,-1.072663784,-0.2472358197,5383.5,1101.205,2626.95,1.443333268,-41123
Ghana,1995,0.07741453298,-1.412271169,27.74617181,9.326986338,3.8839588,8.008127426,17209600,371.537243,0,0,28.78396973,57.42309429,1.647489067,63067,-0.1647152774,-0.1957295911,123.1785714,351.1783088,1613.776324,7.716774404,-42558
Ghana,1996,0.08430359566,-1.391881561,26.24639509,8.634146772,3.920331,7.937551296,27500000,389.2712679,0,0,29.62401101,72.20494413,1.730854507,77886,-0.2345038354,-0.2335782498,124.99,359.4380441,1578.094868,7.562391453,-37113
Ghana,1997,0.07106045479,-1.371491954,27.88768121,9.051681381,3.8615451,7.866975167,26000000,377.8419355,84.9799881,0,30.46405229,85.40183797,1.18697924,105534,-0.122696007,-0.1549858433,135.69,367.6977794,1542.413412,7.408008502,-15409
Ghana,1998,0.06971749661,-1.233462678,28.23311748,8.987627197,3.7818303,7.796399037,29500000,400.3667995,15.76407051,0,33,80.59954325,2.237349006,133426,-0.1364774108,-0.4398055673,130.02,375.9575147,1506.731956,7.253625551,-17564
Ghana,1999,0.07042031469,-1.248733933,28.41348798,9.024383133,3.6828837,7.725822907,30700000,403.0373261,0,0,33,81.70510403,3.157508776,160698,-0.09504179499,-0.05689230937,129.11,384.21725,1471.0505,4.110370159,-17304
Ghana,2000,0.1051458719,-1.353201913,28.81502624,9.016849277,3.6546772,7.677705787,32396800,253.7469362,0,0,35,116.0484302,3.329419468,212548,-0.3593817353,0.07873270661,139.15,281.78,1332.15,4.553761696,-4206
Ghana,2001,0.1041074096,-1.154218291,29.15890698,9.002986549,3.638092,7.584670648,45909120,263.5421565,36.2297287,0,34,110.0458542,1.680567013,244632,-0.001032115104,-0.07648181425,117.26,342.005,1360.37,5.354440212,36050
Ghana,2002,0.08425280349,-1.431608181,29.21411322,9.027260448,3.7087111,7.491635509,43520000,297.4616447,0,0.5518755133,39,97.48924317,0.955694278,275039,-0.159934327,0.02321381494,148.88,426.685,1471.59,7.443374617,40573
Ghana,2003,0.07053289031,-1.317509387,29.06676018,8.975523635,3.7960448,7.39860037,65100096,358.3992714,0,1.683463916,33,97.28714571,1.791640939,291030,0.02918657847,0.007860685699,149.24,488.37,1517.24,7.231470708,28768
Ghana,2004,0.05868489702,-1.225058634,28.67829438,8.741998633,3.912828,7.417860278,82371200,406.1321053,0,2.815052319,36,99.67033435,1.56810547,313326,0.04079097137,-0.1262874156,173.48,459.17,1389.42,7.535580158,34433
Ghana,2005,0.04898120844,-1.154975457,28.91462953,8.655388399,3.778754,6.98794,99184576,478.6119092,0,5.068970203,35,98.17151411,1.349239866,321526,0.1697192937,-0.134525463,189.04,483.99,1328,7.42208004,21272
Ghana,2006,0.05064062222,-1.345028817,45.47067836,9.541016599,3.7435384,7.23179,105253248,906.4410276,85.9799881,4.574639797,33,64.51905424,3.045290185,356355,0.006396186072,0.05649663508,188.01,468.66,1137.93,5.147940159,28536
Ghana,2007,0.05213477181,-1.183929609,47.1685501,8.596404815,3.8937192,5.49713,117363712,1050.124615,16.76407051,5.71916008,37,65.35432229,5.57118877,376509,-0.07306126505,0.03923343122,234.56,477.055,1044.14,5.519869804,32813
Ghana,2008,0.0648831342,-1.101846711,46.17389681,7.544118186,4.0310683,4.06822,126104704,1182.657613,0,7.700930119,39,69.51422561,9.466439082,143900,-0.02951596119,-0.06238201261,254.85,486.545,1120.5,5.757959843,30506
Ghana,2009,0.08155721453,-1.266898331,47.93620711,6.772090634,4.0844803,3.84065,114455680,1047.704301,0,8.115139961,39,71.59473853,9.108086691,267389,0.02783581801,-0.0423569195,307.36,476.325,1043.31,5.317440033,22416
Ghana,2010,0.04863326376,-1.234922704,48.18116083,6.388658627,4.2867322,3.46808,135852160,1263.892518,37.2297287,9.181401157,41,75.37781579,7.849484553,277897,0.02609324083,-0.03329335153,355.3,480.34,1003.47,5.540599823,-3726
Ghana,2011,0.06883912286,-1.057869211,45.8448786,6.423765859,4.0510907,3.10336,2134638607,1507.435732,17.76407051,11.15606022,39,86.29545385,8.255879713,284721,0.1671121418,-0.003144076327,409.64,458.075,896.4,8.14097023,-720
Ghana,2012,0.0762951329,-1.020317626,47.58295025,5.660586499,4.0996599,2.97926,2155495000,1543.775242,0,11.43146038,45,93.16803513,7.982515659,284981,0.1306949854,0.01666946337,514.3,470.85,987.7,7.919139862,1005
Ghana,2013,0.06140460237,-0.943160031,40.58855096,11.58854746,4.0439219,2.49423,1863990000,2294.025645,0,11.76357841,46,60.7593219,5.136520578,270422,0.06060608476,0.1541232914,580.35,477.055,1011.77,4.576469898,-2377
Ghana,2014,0.06096037553,-0.9842508597,37.41368375,11.01994883,4.1828656,1.397841944,2007831480,1953.645136,38.2297287,15.21245003,48,63.83656244,6.13944072,260407,-0.1068079621,0.06340239942,623.17,511,1046.63,3.682348251,-6312
Ghana,2015,0.112043382,-0.9432398865,40.51526517,11.09829956,4.128788397,0.7958401111,4982442362,1721.699644,86.9799881,15.72661972,47,76.52127092,6.461401209,275570,-0.03822890669,0.1230916381,786.31,482.895,993.51,3.688745499,-13306
India,1995,0.0687895296,-0.149253472,37.84966812,17.8658506,2.0332689,1.048482044,6222996282,375.1760054,132.1516429,5.54008007,27.8,22.86744871,0.5949863296,11978000,-1.195723992,0.3214404197,17539.74857,13701.96849,10214.20581,3.413580013,-57297
India,1996,0.05921962816,-0.1201260856,37.70932947,17.5963408,1.9481132,1.039565407,8765693607,401.0467547,153.3478851,6.269499779,26.3,21.92948787,0.6174793516,14542651,-0.9725841284,0.3134562075,18904.78,14462.54959,10344.96254,3.427644176,-26388
India,1997,0.06323968384,-0.09099869927,39.07955152,16.51857853,1.9175277,1.030648769,10330965043,416.2281162,131.4651937,6.557610035,27.5,22.61938687,0.8602089597,17801696,-1.240655917,0.2757630653,19348.5,15223.13068,10475.71928,3.361360073,880
India,1998,0.07218225346,-0.1212536064,40.13256873,15.71931602,1.9804918,1.021732132,9479300350,413.6308641,116.1480713,4.526899597,29,23.69947008,0.6252862042,21593686,-1.20082128,0.3350143135,19717.89,15983.71178,10606.47601,3.572560072,-1049
India,1999,0.07525128367,-0.1112494787,41.96573779,15.18053671,2.0122418,1.012815495,11124280843,441.9279914,139.651686,5.818611145,29,24.81559804,0.4726441915,26511345,-1.239246667,0.2144597785,20837.67,16744.29288,10737.23275,4.415390015,-95320
India,2000,0.06984730932,-0.0365394232,42.73292664,15.92702302,1.9969008,0.66289,12883465957,442.7502189,110.4140015,9.652469635,28,26.90092291,0.7652116943,32436100,-1.00120759,0.348079592,21408.98,14525.905,10174.97,4.324790001,-143960
India,2001,0.05956090888,0.0948479704,43.80896126,15.30702128,1.8823264,0.75521,14273018778,450.3579005,154.3478851,10.39223003,27,25.99325475,1.05638021,38536200,-1.290039767,0.1348232559,22532.95,18151.45,11886.43,2.988411081,-70346
India,2002,0.06720152405,0.0594459666,44.72882755,15.55870173,1.9351944,0.9482,15735736286,469.149929,198.2817688,10.78454971,27,29.50866294,1.011569465,41081546.43,-1.210664988,-0.01739587076,24313.44,21287.53,11464.79,3.057907881,-732419
India,2003,0.05770814333,0.068342228,44.70464565,15.58738665,1.910502,1.05288,20999150983,544.1431335,117.1480713,11.27581024,28,30.59243613,0.6058878571,42000000,-1.50999701,0.1201616451,26637.84,22999.745,11230.73,3.613409996,-606970
India,2004,0.05692828153,0.1450431113,44.11485897,15.82724574,1.9104033,1.12924,18750377107,624.2588265,161.081955,11.60379982,28,37.50381406,0.7655968551,46198000,-1.28043294,0.0533560589,28557.33,21161.24,13647.69,3.352540016,-206660
India,2005,0.0580063673,0.1909499289,44.44293292,15.97301704,1.9907703,1.23996,22125089480,710.4880804,135.1446838,11.31997013,29,42.00166961,0.8860983785,50176500,-1.013880491,0.133130163,32733.84,20584.905,10562.58,3.188750029,-929454
India,2006,0.05086061341,0.195173244,44.04323571,17.30365333,1.8282186,1.13236,28333642280,801.6683537,152.34192,12.14381027,33,45.7244805,2.130168425,40770000,-1.065184236,0.178989619,37739.98,21743.05,10442.23,3.142849922,-342177
India,2007,0.0462396326,0.2750719507,44.00815792,16.86456778,1.8134743,1.08654,37216755275,1021.887077,154.1339749,13.83390999,35,45.68626868,2.073394047,39250000,-1.154295802,0.09689816087,42045.44,24845.185,11320.37,3.127748702,-1037200
India,2008,0.04139029592,0.2903796498,45.88254991,17.09867415,1.8180566,1.06701,49977276916,992.5195849,155.9260299,15.81412029,34,53.36822044,3.620523235,37900000,-1.109707355,0.09585046023,47758.02,25921.935,12948,3.256352118,-1020047
India,2009,0.04257131564,0.2965899522,45.98488281,17.14357767,1.9420718,1.09845,49203912009,1094.949746,157.7180849,16.82058907,34,46.27286964,2.651590332,37060000,-1.355547905,0.01798082516,53200.44,24925.85,12609.36,3.278249979,-312905
India,2010,0.04393933905,0.266573877,45.03374956,17.02993425,2.1783662,1.00634,53479960083,1347.519391,156.4980774,18.69717979,33,49.2552065,1.635034094,35090000,-1.2779845,-0.03581082076,60265.62,23222.76,11623.32,3.377690077,-50905
India,2011,0.04290066592,0.2770721996,45.44214525,16.13933744,2.3289332,0.76637,62499075445,1445.461275,160.2068994,23.82536888,31,55.62388001,2.002063463,32835300,-1.32679534,-0.08629713953,71374.74,21540.11,10838.97,3.79618001,-247017
India,2012,0.04447730511,0.3337423986,46.3011473,15.81692301,2.152832,0.66084,68820517838,1429.321995,154.3478851,24.94021034,36,55.79372173,1.31293453,30940600,-1.289309859,-0.06288074702,78135.08,19931.555,10574.2,4.084798336,-198935
India,2013,0.03953875333,0.3475080602,46.69871477,15.25302269,2.266109,0.63688,69970360847,1432.843975,161.205137,24.39063835,36,53.84413195,1.516276467,29033000,-1.229174137,-0.04589259997,82849.43,22286.17,10521.91,3.844670057,-151372
India,2014,0.04330042353,0.358547768,47.82241376,15.06557011,2.1553607,0.8790659341,70388642797,1553.883961,117.1480713,25.99132538,38,48.92218575,1.69565959,27000100,-0.9979119897,-0.06918938458,91832.04,31045.075,13712.43,3.898780346,-227263
India,2015,0.0469579516,0.4125606874,47.78374812,15.58385459,2.125536392,0.8701492967,68909693353,1583.998159,215.1877441,27.28456688,38,41.92291387,2.092115214,25520000,-0.9547735453,-0.07072110474,98300.94,37175.25,16020.66,4.114991665,-655085
Indonesia,1995,0.1507295706,-0.7073148304,41.06081638,24.13317871,2.3911664,1.303311452,651000000,1011.226142,252.1220551,11.40583038,19.4,53.95859006,2.15007984,3290854,-2.264026749,-0.8978253751,279.2608333,1090.0725,6240.855441,1.004349947,-1643
Indonesia,1996,0.1362866611,-0.6783019677,39.87190368,25.61663487,2.3532939,1.265323774,796000000,1118.92133,205.9369139,11.61653042,26.5,52.26474366,2.724197886,4186030,-1.131379128,-0.4898703098,304.04,1059.239125,6111.530456,1.078549981,-1854
Indonesia,1997,0.1168366765,-0.6492891051,39.57890112,26.79294652,2.296592,1.227336095,725000000,1044.606748,238.6298676,13.46028042,27.2,55.99385881,2.167796852,4982466,-2.306492897,-0.9400386041,317.04,1028.40575,5982.205471,1.072080016,-4334
Indonesia,1998,0.09439630027,-0.8119489467,36.68682354,24.99567095,2.0039136,1.03366,958170000,454.8778008,225.1376801,13.42710018,20,96.18619236,-0.2522904477,5571644,-1.731670618,-0.7505354881,327.98,997.572375,5852.880485,2.486066532,-11356
Indonesia,1999,0.1006081556,-0.6965449457,37.02727102,25.99487911,2.0504549,0.97821,1109000000,657.2689347,188.6361567,14.79926014,17,62.94391286,-1.332573541,6080193,-2.202622616,-0.9252427251,335.51,966.739,5723.5555,2.544076418,-28799
Indonesia,2000,0.1018049486,-0.5703746891,33.36863651,22.65975121,2.1483305,1.11182,1190200000,763.711125,211.6454926,14.92541981,17,71.43687592,-2.757439934,6662610,-1.995200634,-0.696610868,398.08,1063.975,6611.78,2.602086303,-42697
Indonesia,2001,0.09478320263,-0.44426509,38.41724523,30.75459722,2.101846,1.19646,1046000000,732.3070934,198.1533051,14.23404026,19,69.79320753,-1.855686193,7218940,-1.992064136,-0.9178460908,330.1,1031.855,6708.89,2.460030079,-64255
Indonesia,2002,0.08855963747,-0.477598191,40.104784,31.95327849,2.1059122,1.24817,1258917563,881.0029136,211.6454926,14.80152035,19,59.07946177,0.07415163832,7750040,-1.583244205,-0.9102647305,386,919.435,6171.88,2.645689964,-83985
Indonesia,2003,0.07905110464,-0.5072486097,41.06508569,28.25284184,2.0539455,1.1534,1488709351,1043.210584,198.1533051,15.90357018,17,53.61649375,-0.2542563204,8058140,-2.09539485,-0.8591006994,386.76,799.35,5186.67,3.217999935,-97732
Indonesia,2004,0.07772741801,-0.3833306794,41.03660373,28.06582659,2.1013608,0.95916,1866314990,1126.840044,163.6604968,16.32126999,19,59.76129484,0.7382439799,10376400,-1.908605576,-0.7328801751,472.22,737.665,4338.41,2.748470068,-77002
Indonesia,2005,0.0771647966,-0.3754759,40.33232249,27.40750748,2.1501405,0.89412,5419620729,1238.214476,184.6611176,16.87046051,20,63.98793587,2.916114833,13507800,-1.51817596,-0.7978721857,604.42,720.145,4040.44,2.872819901,-76784
Indonesia,2006,0.07778947375,-0.3441787334,40.08263854,27.53757408,2.1403127,0.84868,5722357517,1558.315628,171.1689301,16.9588604,22,56.65712681,1.347942641,14820700,-1.417666912,-0.6944508553,729.9,623.785,3803.89,2.936340862,-75829
Indonesia,2007,0.07246950971,-0.165422112,39.48417538,27.04841275,2.1029499,0.88637,6174340000,1823.219763,184.6611176,17.79603004,24,54.82924998,1.603010572,19529500,-1.198065758,-0.6989899278,658.13,671.965,4062.02,3.044250011,-77338
Indonesia,2008,0.07269458707,-0.1555922903,37.45751503,27.81427299,2.2441132,0.79205,6794200933,2124.554839,171.1689301,20.80934906,23,58.56139963,1.826329024,30378100,-1.056791544,-0.6737825871,771.94,676.345,3877.76,2.901900053,-81364
Indonesia,2009,0.06538364284,-0.2045575783,37.05772988,26.35547453,2.2367613,0.75052,6792907280,2218.485419,89.15325165,23.0492897,26,45.51212137,0.9039194197,34809600,-0.7511536479,-0.6119353175,1094.5,582.175,3579.79,3.525130033,-73655
Indonesia,2010,0.06840416135,-0.3009597918,40.66599029,22.03862859,2.2713535,0.74334,6916051073,3065.683484,253.1220551,23.80781937,28,46.70127388,2.025179146,40931100,-0.8539161682,-0.6560449004,1446.09,561.735,3715.08,2.81227994,-57752
Indonesia,2011,0.0694701775,-0.3111077277,40.58460421,21.7608545,2.3544011,0.68153,6923970511,3579.464425,183.9324468,25.4599514,28,50.18001318,2.302984294,38617500,-0.7701141834,-0.5996439457,1942.53,572.685,3792.27,3.189440012,-40543
Indonesia,2012,0.07028947098,-0.329027503,40.87337489,21.45095506,2.3456161,0.57403,7212196578,3632.27254,211.6454926,29.56583595,32,49.5828983,2.309780318,37982900,-0.5932627916,-0.5835690498,2111.14,590.205,4155.81,3.407480001,-28869
Indonesia,2013,0.06813923507,-0.278248725,41.51653748,21.02868868,2.2937205,0.6195332381,7614419340,3566.602845,198.1533051,30.43856621,32,48.63737268,2.551356334,30722700,-0.5192646384,-0.5335165858,2815.34,556.625,4501.09,3.359040022,-27507
Indonesia,2014,0.0613738633,-0.2071432332,42.24218531,21.07517605,2.2081659,0.5815455595,8551164469,3441.068085,204.3985902,30.52533913,34,48.08017559,2.819972604,26225000,-0.4168240428,-0.3109184504,3354.32,575.24,4614.8,3.288009882,-27988
Indonesia,2015,0.05741377361,-0.1629796296,43.30908092,20.98578743,2.239691028,0.543557881,9659168639,3288.222697,198.1533051,33.03264999,36,41.93764024,2.297616394,10378000,-0.6199563146,-0.4245494604,4474.1,591.3,4828.11,3.583600044,-28487
Iran,1995,0.2220889847,-0.5690514933,49.90410534,15.34432231,5.3955188,1.566809917,1600000000,1550.009596,798.8902588,17.10471916,28.84615385,35.14424492,0.01763133843,5090363,-0.5263404092,-0.6551310873,506.7133333,180.675,616.9402206,4.081809998,-220258
Iran,1996,0.2185844119,-0.5419044498,48.80972557,16.50554303,5.4954305,1.535660167,658000000,1914.781213,713.5546265,18.83353043,28.63736264,35.22129916,0.02159397919,5824968,-0.324623704,-0.9403389096,649.35,223.7841071,610.5333529,3.537760019,-92435
Iran,1997,0.0715377406,-0.5147574063,52.47647376,17.43598158,5.4044828,1.504510417,400000000,1790.066176,628.2189941,20.56234169,28.42857143,32.64955811,0.04652421806,6503466,-0.6573962576,-0.6387048222,860.98,266.8932143,604.1264853,4.860475926,98009
Iran,1998,0.07059538722,-0.1817424213,57.16843077,16.89071244,4.9531903,1.473360667,680000000,1709.193341,753.9737142,22.29115295,28.21978022,29.22821965,0.02176339477,7354992,-0.6933910847,-0.6835868359,969.12,310.0023214,597.7196176,4.753244333,218171
Iran,1999,0.06639994392,-0.3923177181,53.44095241,16.65998772,4.9914923,1.76241,508000000,1739.59462,747.6145223,19.23940086,28.01098901,34.88541413,0.03074262317,8371167,-0.729026587,-0.6826613742,1181.4,353.1114286,591.31275,4.22040987,191988
Iran,2000,0.0742802266,-0.4608409988,51.41664426,16.63922502,5.3194842,1.5447,536000000,1650.013858,741.2553304,19.40138054,27.8021978,41.25724746,0.03558663405,9486260,-0.7275483608,-0.519492507,1559.17,373.395,590.13,4.030640125,300133
Iran,2001,0.0862860974,-0.3714702628,52.32109975,17.14813115,5.280406,1.30524,682000000,1881.022666,724.5605509,20.26774979,27.59340659,40.53556648,0.03940770214,10896600,-0.810652725,-0.7824798901,1910.45,472.675,660.68,4.071680069,291692
Iran,2002,0.09053647096,-0.5082018855,47.69838375,15.09666321,4.9938087,1.33592,851000000,1891.257561,723.1903076,19.09186935,27.38461538,48.17268655,0.01181789962,12887500,-0.7734405994,-0.8217777014,2753.06,497.495,656.53,4.484879971,-668962
Iran,2003,0.09655649436,-0.5382433459,48.77049562,14.79313534,5.1005406,1.26809,1178000000,2208.996366,704.5331421,20.34056091,30,50.67910577,-0.2144054899,15340800,-0.779733181,-0.6805157661,3906.51,521.585,651.55,4.363220215,700222
Iran,2004,0.08372766829,-0.3960717917,47.91809283,15.70243428,5.0985146,1.18065,1032000000,2672.422665,712.1526585,22.32077026,29,51.31385733,0.05569664659,16342100,-0.7618243098,-0.673581481,5176.16,538.375,541.16,4.296629906,739996
Iran,2005,0.08712007005,-0.3313225826,47.9812176,15.04149207,5.1633735,1.15852,839733333.3,3132.050819,799.8902588,23.57930946,29,54.44049526,0.1842749325,20339000,-0.7827388644,-0.8658043146,7142.47,594.22,532.03,4.056509972,765873
Iran,2006,0.07514355787,-0.2164174104,49.1253327,15.03350612,5.071672,1.00087,844684848.5,3618.916014,714.5546265,26.3164196,27,53.16735871,0.05588997645,22626900,-1.04084003,-0.9943561554,10011.67,681.09,533.69,4.289989948,640932
Iran,2007,0.04675259638,-0.2432049391,47.60776768,12.90761577,5.3461003,1.01221,849636363.6,4687.991663,732.4648576,31.04055977,25,49.88730692,0.1025260177,23835000,-0.9316404462,-1.027451873,12987.19,798.985,465.63,4.596809864,-24950
Iran,2008,0.03801123872,-0.2969171328,48.6423388,12.9684578,5.4310627,0.95107,854587878.8,5377.411507,745.1828003,37.64194107,23,48.22940277,0.0497824334,24800000,-0.9398747087,-0.9784639478,16845.65,963.235,474.76,3.913759947,-12184
Iran,2009,0.02926988106,-0.3017040295,51.48071819,13.27448939,5.3353405,1.16883,859539393.9,5415.522806,707.963623,37.84104156,18,43.69958022,0.0230810049,25804100,-1.564242005,-1.053678393,20425.58,1377.145,449.86,3.842449903,211
Iran,2010,0.09341943868,-0.2910591828,51.13731452,12.78390806,4.8989768,1.1647,864490909.1,6291.194437,732.4644165,43.62477112,22,43.77064374,0.04905993199,25815200,-1.630591869,-1.026664257,24792.45,1714.04,356.07,3.709180117,-12849
Iran,2011,0.1066777517,-0.1634403788,48.72368758,13.79219147,5.1299734,1.20383,869442424.2,8025.687434,730.4018681,48.57003021,27,41.21941479,0.04095299095,27766900,-1.421767712,-0.967787087,31161.44,2097.655,378.48,3.484970093,-65924
Iran,2012,0.2185844119,-0.140100593,50.42911628,16.3771989,4.8038912,1.15948,874393939.4,8114.080998,685.8759766,54.07664871,28,44.08934668,0.2105573495,28758500,-1.323926091,-0.9186537862,31462.35,2612.305,455.67,2.938999891,-57823
Iran,2013,0.210027816,-0.0140725064,47.64191166,15.72969562,4.545599,1.14592,879345454.5,6222.741948,667.218811,56.62018967,25,47.08671792,0.03781056366,29688600,-1.249686599,-0.9970671535,32380.6,3012.71,516.26,2.852790117,-47322
Iran,2014,0.2216793126,0.1026100385,49.35569024,15.58475562,4.64464,0.9749646667,884296969.7,5672.063729,708.6121086,64.97392273,27,45.35142014,0.00074456267,29376100,-0.8749876618,-1.05286181,35447.71,3267.845,628.31,2.61668992,-56042
Iran,2015,0.2030186705,0.121028267,55.18195746,13.45074441,4.842239261,0.9438149167,889248484.8,4952.733555,800.8902588,72.12127686,27,39.42258866,0.02925059427,30419000,-0.9248468876,-0.9403549433,36885.35,3479.91,698.86,2.629110098,-46239
Italy,1995,0.06949363851,1.136131132,61.19034944,19.18513784,1.410753,2.173101619,2280956929,20712.17987,975.1238538,41.3940506,29.9,45.57950266,0.4114157081,24845000,0.9107848921,0.8988939267,30298.94,694.3400368,1165.082857,4.318649769,-460287
Italy,1996,0.06187012401,1.146516577,61.85762304,18.84335641,1.4305559,2.15644019,2526492823,23122.93372,1343.795166,42.30741882,34.2,42.80204905,0.2699270279,25259000,1.110385418,1.056424022,34243.84,694.7893088,1121.685714,4.447639942,53450
Italy,1997,0.05732307233,1.156902021,61.89406439,18.62736414,1.4197179,2.139778762,2207094305,21883.98727,1154.277344,46.76618958,50.3,44.4771652,0.296168797,25698000,0.8024919633,0.7987671051,35158.03,695.2385809,1078.288571,4.570574857,50539
Italy,1998,0.06134076333,1.125167044,61.82936216,18.53985886,1.4248285,2.07592,2053806689,22365.18376,1147.808472,48.10250854,46,44.99787427,0.2074332768,25986120,1.192702293,0.8018622994,34127.6,695.6878529,1034.891429,4.45031023,67985
Italy,1999,0.06204652905,1.151055707,62.32666867,17.9766595,1.4492794,2.20655,1878725069,22049.99906,1143.285645,48.67385864,47,44.52984023,0.5531268547,26502000,0.6526666228,0.7376915479,34282.2,696.137125,991.4942857,4.510849953,54405
Italy,2000,0.06000532938,1.193832196,62.96077539,17.67294035,1.4727912,2.34518,1789501817,20190.00356,1160.827881,50.2729187,46,50.27473115,1.145814091,27153000,0.9166694283,0.8381055593,36209.65,719.05,961.97,4.291079998,56065
Italy,2001,0.05485602344,1.214684247,63.70284156,17.19704474,1.4500339,2.33244,1932443183,20571.47877,1170.578857,53.45318985,55,49.86327232,1.269416368,27353000,0.5442486723,0.6512248555,37419.9,700.8,905.53,4.650090218,48903
Italy,2002,0.05396174747,1.253866665,63.94929836,16.82951287,1.4424548,2.27385,2272672068,22463.52221,1249.685913,56.31539154,52,47.87131868,1.344990065,27142000,0.8384298086,0.7401419878,39094.52,696.785,860.71,4.432409763,223861
Italy,2003,0.05420030837,1.234774219,64.85017,16.13420457,1.4540201,2.27195,3023192838,27618.94177,1229.430298,60.00558853,52,45.99408598,1.236497289,26596000,0.4314883351,0.6884298921,42549.05,728.175,825.02,4.541790009,478578
Italy,2004,0.05261263745,1.246832282,64.68156515,15.87379942,1.4447824,1.76229,3688753006,31425.82087,1249.274902,63.33272934,48,47.26639239,1.108817622,25957000,0.2692576945,0.5900039077,44567.15,707.37,727.08,4.385200024,417970
Italy,2005,0.05157669468,1.241302363,65.02391378,15.52296549,1.4226735,1.70673,4091531781,32171.79337,1420.307373,65.32702637,50,49.12217423,1.971175482,25049000,0.4891155362,0.5092430115,48093.98,633.275,719.61,4.238299847,258702
Italy,2006,0.04949823001,1.246786618,64.4423662,15.5728364,1.4249902,1.47567,4075828471,33684.72004,1516.24231,67.2835083,49,52.92354296,2.910065495,26890300,0.5307337642,0.3790063858,51002.2,650.795,725.42,4.52545023,215995
Italy,2007,0.04724359903,1.254199692,64.32400401,15.9581665,1.4467578,1.54356,4595241395,38031.97095,1588.706421,68.87259674,52,54.82804156,2.968495815,22417000,0.4469700456,0.4675481915,54347.87,684.01,783.52,4.10503006,495092
Italy,2008,0.04492973135,1.242503125,64.93963566,15.4805311,1.440475,1.57728,7354812945,41095.40634,1622.643066,67.57998657,48,54.2142549,-0.3930318982,22039000,0.547544241,0.4479214549,56415.8,732.19,857.39,4.387949944,422534
Italy,2009,0.04462031561,1.283480579,66.81872712,13.65760187,1.4721498,1.79531,7041290727,37388.45371,1713.623291,66.95162964,43,45.14147657,0.7516322339,22642700,0.3469058871,0.399145484,58491.98,721.24,836.64,4.523719788,283676
Italy,2010,0.04275637285,1.277567561,66.44978657,14.16307986,1.582546,2.03747,7975133246,36184.71187,1732.518311,65.37904358,39,51.66211181,0.4629741965,22536400,0.4739236832,0.4547731876,58776.67,746.425,880.63,4.334119797,274387
Italy,2011,0.04342346745,1.344521284,66.20960705,14.13190792,1.5642862,2.22605,8731247318,38851.38813,1770.694458,64.24925232,39,54.47221494,1.493969222,22105500,0.5012074113,0.483442843,60521.84,693.5,959.48,4.115680218,198544
Italy,2012,0.04180339871,1.332583606,66.42311815,13.75823421,1.5937809,2.46706,9166139341,35235.79891,1841.75354,62.34474182,42,54.88449527,0.001663594182,21748800,0.5082175136,0.425940156,64130.5,663.935,1023.39,4.056019783,252524
Italy,2013,0.04066729685,1.319104783,66.50560888,13.7593479,1.5848124,1.873195905,9436137008,35747.70795,1927.146606,60.89252853,43,54.03418463,0.9070769048,21098000,0.4954991937,0.4362594187,67380.42,670.87,1138.76,4.143670082,158090
Italy,2014,0.04166513704,1.311009353,66.77256338,13.8362219,1.5763007,1.856534476,10099257246,35750.71975,1958.363159,60.88314819,43,54.45452993,0.7837432817,20581400,0.4581654072,0.4221472442,69089.63,713.21,1347.92,4.061279774,52679
Italy,2015,0.04242869788,1.326876005,66.68206398,14.26234477,1.566167054,1.839873048,9607744315,30387.12932,2087.557617,60.94129181,44,55.43568581,0.7208863677,20209300,0.3632571995,0.2883538306,70947.03,737.665,1464.12,4.073629856,39389
Mexico,1995,0.6471643797,0.3987618138,58.7641712,21.16854741,2.1630781,0.7865520441,4368120000,4183.878477,256.8639646,15.18064022,31.8,43.66583173,2.505879998,8801030,-0.169684822,-0.4660313971,3745.326667,1537.959706,5732.340074,3.497469902,-340091
Mexico,1996,0.6523600669,0.4401754682,57.36301641,22.21303098,2.2422185,0.7959646471,4949000000,4674.367927,219.1355438,16.29985046,33,47.76782353,2.125519178,8826148,-0.9254591465,-0.7266463637,3945.12,1536.281779,5808.916118,3.55373177,-343399
Mexico,1997,0.6650700802,0.4815891225,56.76931806,22.36266015,2.2769747,0.80537725,5545800000,5567.355995,231.8130188,17.07378006,26.6,46.49187557,2.451009936,9253715,-0.08047856729,-0.4157610979,4350.81,1534.603853,5885.492162,3.641109753,-340546
Mexico,1998,0.6920355183,0.4155780507,57.25691635,22.22472404,2.2473583,0.76116,6501246000,5832.69342,221.6710968,18.19162941,33,48.03188414,2.288368551,9926879,-0.4230622649,-0.532132268,4656.51,1532.925926,5962.068206,3.178380013,-321385
Mexico,1999,0.7030093907,0.455998442,57.35945749,21.25884531,2.3095508,0.73378,6648625182,6499.97183,228.9616241,19.23530006,34,48.01224958,2.208484336,10927385,-0.0989560869,-0.4031658112,4873.62,1531.248,6038.64425,3.36164999,-328773
Mexico,2000,0.7015503407,0.5783242444,58.02238674,21.04457741,2.5032597,0.72499,7524742980,7524.027137,228.8886261,20.52597046,33,49.91040919,2.477192125,12331700,-0.2002098709,-0.4265095592,5026.99,1406.345,5042.25,3.808700085,-356433
Mexico,2001,0.6889967948,0.6686745498,58.74315274,20.02605856,2.5045633,0.7459,10146263000,7952.764796,237.140625,21.37763977,37,44.74010901,3.776078056,13774100,-0.1873439991,-0.4174223172,5434.53,1601.985,6096.35,4.031340122,-378348
Mexico,2002,0.7075343628,0.7583937949,59.12388924,19.23122679,2.4828115,0.92591,11029448100,7983.033985,310.8418884,22.31535912,36,45.20982925,2.4868575,14975100,-0.05830826238,-0.3492084146,5962.27,1579.72,6421.71,4.243070126,-379812
Mexico,2003,0.6905858744,0.8230349263,60.53120304,18.82806561,2.4729354,0.97122,16653686411,7434.074649,330.0342712,23.04779053,36,48.70041688,2.371880321,16330100,-0.1168780848,-0.3779027164,6705.18,1542.125,6891.49,4.832620144,-369183
Mexico,2004,0.6760069756,0.8751697153,59.58693093,18.84566801,2.4326339,0.92656,19861747959,7849.667596,385.0032959,23.7031498,36,52.04062003,3.068210352,18073200,-0.2140824497,-0.4099104702,7301.35,1445.765,6806,4.512040138,-346912
Mexico,2005,0.643165984,0.8793535287,60.04398767,18.07707949,2.4210351,0.96641,22741840918,8671.758919,419.4501038,24.13098907,35,52.56264465,2.742201342,19512000,-0.445820868,-0.3829895258,8304.1,1516.21,6815.13,4.633950233,-310278
Mexico,2006,0.6320413001,0.8374459874,59.06718084,18.9990299,2.5185332,0.97989,26542811527,9512.635753,341.5605469,24.56896973,33,54.48211609,2.168822832,19861300,-0.6368884444,-0.4725462794,9437.14,1573.515,6627.55,4.493169785,-244140
Mexico,2007,0.5894458984,0.8782278777,59.30336205,18.26237577,2.5013433,0.99036,27516981140,10134.33271,352.502533,25.14743042,35,55.25852439,2.813941702,19997900,-0.7298516035,-0.5429322124,9586.6,1657.1,7142.98,4.479219913,-105524
Mexico,2008,0.546263465,0.9649575617,59.68141437,18.17491374,2.5077281,0.97614,27081720166,10523.76854,345.2987671,25.7789402,36,56.36528189,2.561520325,20491400,-0.8040123582,-0.6892835498,10353.88,1514.02,7415.22,4.606090069,-50347
Mexico,2009,0.5597374999,0.975558676,60.94620357,17.4331987,2.3910272,0.99153,22893127980,8423.569332,389.3677063,26.21059036,33,54.59174213,2.083037849,19505600,-0.6866278052,-0.5628688335,10632.1,1427.515,6403.45,4.949339867,-30809
Mexico,2010,0.5441298915,1.001207431,60.47834906,17.83821391,2.5002606,0.91563,22767716708,9728.800784,344.5409546,27.1670208,31,59.27338453,2.761405729,19918600,-0.7264634371,-0.5520313382,11244.42,1426.42,6775.29,4.936950207,-40845
Mexico,2011,0.5130288996,1.088860701,59.88664885,17.72038602,2.4948735,0.88222,24190034859,10664.4944,351.4101563,28.03615952,30,62.16238728,1.944223013,19996800,-0.6677685976,-0.5498877168,11751.8,1528.62,6278.12,4.904059887,-37826
Mexico,2012,0.5020533126,1.109478039,59.93720731,18.80003545,2.5115018,0.85278,24056599208,10744.13352,253.0575409,29.34964943,34,64.25793189,1.452588845,20587800,-0.6624541879,-0.5351800919,12602.76,1546.505,6603.48,4.883480072,-128485
Mexico,2013,0.5032829896,1.132725331,61.06657772,18.10280962,2.4703443,0.82167,23976098088,11216.80085,256.7370605,30.33016014,34,62.69167477,3.83652713,18593500,-0.7142238021,-0.5494164228,13186.8,1526.43,6898.13,4.508580208,-120058
Mexico,2014,0.5230097612,1.133660286,60.07827056,18.22892172,2.4309402,0.9653915,25556643773,11391.37735,265.2936707,31.20528984,35,64.09840904,2.084141708,18559700,-0.8539187908,-0.4066880047,14167.62,1457.81,6814.3,5.068089962,-228816
Mexico,2015,0.5475450634,1.173689958,60.50613598,19.82342138,2.553602615,0.9748041029,26824907167,10021.23861,286.9425049,31.97186089,31,70.41297468,2.987728589,20170900,-0.8017801046,-0.4547658563,14570.29,1521.685,8001.2,5.050879955,-291044
Nepal,1995,0.2976876714,0,33.17805407,8.922094217,3.7822883,3.325366272,56822666.94,197.8430013,59.6387291,4.248809814,22.82400932,59.4905184,0,83713,-1.624437438,-0.2461056156,45.843,0,2032.645588,3.018188029,-86232
Nepal,1996,0.3025974097,0,33.36949054,9.025643498,3.4222293,3.576238387,44160126.07,198.8219074,59.6387291,4.706830025,23.03729604,58.4577687,0.42374943,112645,-0.07111317664,-0.006175260525,55.62,0,2158.189191,3.05453522,-92307
Nepal,1997,0.307507148,0,33.41912853,8.846648818,3.1622615,3.827110503,49458057.88,211.8348696,59.6387291,2.763069312,23.25058275,64.03553489,0.468752021,139989,-1.93164265,-0.3695604301,65.65,39.42,2283.732794,3.09088241,-98454
Nepal,1998,0.2181577437,0,35.23442304,8.97040004,3.1731429,4.077982618,67504902.92,205.0752463,59.6387291,3.192419449,23.46386946,56.70960129,0.247611787,208387,-0.7301464081,0.009221238084,85.87,100.375,2409.276397,2.892879963,-108400
Nepal,1999,0.2350809589,0,34.58437124,8.869534201,3.0746238,4.328854734,83462780.29,208.6466679,59.6387291,3.621769587,23.67715618,52.56698125,0.08643976568,253035,-2.133752029,-0.521742903,85.08,161.33,2534.82,2.89331007,-122551
Nepal,2000,0.2307804537,0,34.71071549,8.840859263,3.0808208,4.61303,111498192,223.8302892,59.6387291,4.099199772,23.89044289,55.710589,-0.008824252945,266890,-1.163825631,-0.2109616548,100.36,222.285,1570.36,2.975150108,-147193
Nepal,2001,0.4053713916,0,44.45294585,8.699294828,2.9469278,4.6429,146985151.9,240.7951145,59.6387291,4.384309769,24.1037296,55.79992108,0,298062,-2.252400268,-0.6482107155,114.36,283.24,1777.03,3.708379984,-148973
Nepal,2002,0.4016580953,0,43.55295434,8.213423646,2.6760755,5.28599,678485892,238.891403,59.6387291,4.957900047,24.31701632,46.2307185,-0.09837486865,327673,-1.717462897,-0.5175113678,121.98,348.94,2211.95,3.152839899,-153730
Nepal,2003,0.302095101,0,44.12663973,7.887760015,2.5991495,5.72678,771072126.5,246.4297066,59.6387291,4.880030155,24.53030303,44.24788362,0.2334436207,371816,-1.891852379,-0.6106308103,234.29,440.92,2504.11,3.11435008,-168314
Nepal,2004,0.4261814021,0,45.17195188,7.763964162,2.5474157,5.21536,822608955.2,279.58775,59.6387291,5.660920143,28,46.14728672,-0.005737557371,417944,-2.149138451,-0.7530358434,224.77,520.855,2670.11,3.171940088,-197336
Nepal,2005,0.4181113014,0,45.83415336,7.615216521,2.4050429,4.99813,1211823253,309.0241683,59.6387291,7.114860058,25,44.06294748,0.03015629508,484640,-2.098404884,-0.8252161741,295.24,632.91,3350.71,3.364639997,-211024
Nepal,2006,0.4100412007,0,47.93390451,7.314045291,2.3543825,5.61909,1453231426,340.4317964,59.6387291,7.596560001,25,44.76198776,-0.07350943326,611544,-1.894450188,-0.6213908792,361.82,742.045,4305.21,3.605360031,-241455
Nepal,2007,0.4019710999,0,48.77697585,7.168186946,2.3190491,6.22697,1733858518,385.4497677,59.6387291,9.491390228,25,44.57927502,0.05560641546,701126,-1.88537848,-0.5888038278,388.75,937.685,4747.6,3.517210007,-252526
Nepal,2008,0.3939009992,0,49.20432338,7.01090408,2.316572,6.85146,2727140487,464.8173919,59.6387291,10.48176003,27,46.03620635,0.007932157352,805061,-1.834287405,-0.6693063378,353.61,1019.08,6552.02,3.805170059,-261540
Nepal,2009,0.3959369052,0,48.61377101,6.622367122,2.3832228,8.5138,2983336877,473.0787512,59.6387291,10.48643017,23,47.07944776,0.297715389,812615,-1.620081186,-0.8678174615,387.07,1057.405,5983.47,4.663760185,-266144
Nepal,2010,0.4209895572,0,46.39883791,5.946139,2.3637216,7.25003,3464092682,585.278492,59.6387291,13.42798996,22,45.98490577,0.5482946659,841698,-1.583971143,-0.9590668082,381.93,1066.165,5036.44,3.631720066,-269963
Nepal,2011,0.392994994,0,47.9028846,5.396920341,2.3645227,7.62549,4216894010,785.5186562,59.6387291,13.42899036,22,36.29675889,0.4358149306,845542,-1.416443586,-0.8916109204,390.74,1030.03,4259.56,3.842619896,-347552
Nepal,2012,0.2580259463,0,47.98745259,5.785222834,2.3976195,8.058216667,4792506200,788.2029371,59.6387291,17.86497815,27,37.92190606,0.4236915113,831703,-1.381232262,-0.7373592854,395.9,1119.82,3452.8,3.5289886,-371707
Nepal,2013,0.3031239719,0,48.75521701,5.750414306,2.4019709,6.32725,5583702128,803.2695954,59.6387291,16.14768028,31,41.86537574,0.3347123306,829097,-1.129146099,-0.7192706466,458.01,1109.235,2797.1,3.20268631,-373064
Nepal,2014,0.3871203653,0,49.56401975,5.61219116,2.4681425,8.058216667,5888650155,821.4552249,59.6387291,15.4161396,29,45.98264161,0.1337462365,837266,-0.7245995402,-0.6494493484,507.32,1207.785,2765.56,3.485994101,-310156
Nepal,2015,0.3731524336,0,50.53989699,5.356055555,2.037215989,8.367570128,6729935671,875.5436355,59.6387291,13.20596313,27,46.66573039,0.2130295277,846940,-0.9974300265,-0.6938131452,539.03,1396.125,3647.02,3.294253588,-221062
Nigeria,1995,0.230553111,-2.274668773,36.97942326,19.99371557,5.7240448,1.523811731,250043007.2,1271.616174,38.80535889,5.977003147,10.59578947,39.52838,0.2383215274,405073,-1.135804313,-1.437488924,775.4207143,218.5848019,2657.031571,0.8064612746,73243
Nigeria,1996,0.1493279486,-2.232275321,35.35822694,19.10108021,5.9368529,1.618258965,296587337.3,1632.724694,38.80535889,6.25470816,6.9,40.25733,0.2688182702,412779,-1.05690825,-1.289722919,908.53,262.864662,2696.661107,0.7894490276,84448
Nigeria,1997,0.1639762565,-2.189881869,36.33392868,19.19853144,5.9416251,1.712706198,585738409.8,1720.275409,38.80535889,6.532413173,17.6,51.46101,0.2337944188,404177,-1.276938889,-1.426144068,924.25,307.1445221,2736.290643,0.7724367806,96885
Nigeria,1998,0.1699249867,-2.331680559,42.38088225,17.45056588,5.7868514,1.807153432,448546824.8,1822.469985,38.80535889,6.810118185,19,39.27861,0.1371540469,438619,-0.5882437229,-1.189121246,884.83,351.4243823,2775.920179,0.7554245336,145575
Nigeria,1999,0.1479826043,-1.955085975,43.58848402,16.25736913,5.8333006,2.17277,1301055577,480.6693639,38.80535889,5.986579895,16,34.45783,1.699068935,473316,-1.559601839,-1.433943383,962.82,395.7042424,2815.549714,0.7384122866,97195
Nigeria,2000,0.2277238779,-2.468709557,43.79845492,13.93340041,6.0378981,1.928255566,1391826072,547.3182989,38.80535889,7.640839037,12,48.9956,1.64832099,553374,-1.455326319,-1.160920024,1036.35,372.665,2205.31,0.7214000395,74535
Nigeria,2001,0.2047916865,-2.262946277,46.22247972,13.9253596,5.8821096,2.029482033,1166614598,566.4282318,38.80535889,7.891012967,10,49.6805,1.618615558,600321,-1.672585772,-1.447327468,1058.73,477.42,2538.97,0.7043877925,64163
Nigeria,2002,0.1581438969,-1.620549966,38.96993247,11.81181308,5.7646546,2.1307085,1208958588,712.1648521,38.80535889,8.141186898,16,40.03517,1.971584135,702000,-1.626329303,-1.495899796,1208.14,592.03,3355.69,0.6873755455,69594
Nigeria,2003,0.2089819433,-1.467689531,39.1455112,12.06060684,5.8415294,1.71555,1062820789,763.3887454,38.80535889,9.571640015,14,49.33496,1.91462057,888534,-1.635588288,-1.512510061,1321.22,613.2,3558.21,0.6703632985,33857
Nigeria,2004,0.3022071029,-1.647734698,43.35501825,10.86156992,5.9638844,1.82034,2272734507,962.4810419,38.80535889,9.824850082,16,31.89587,1.380373875,1027520,-1.754415751,-1.439663053,1475.89,648.97,3549.08,0.6533510515,46370
Nigeria,2005,0.2779950196,-1.839707991,44.68420574,10.06108332,6.0052109,1.93356,14640084310,1211.377035,38.80535889,10.43577003,19,33.05946,2.836294054,1223260,-1.666500449,-1.35421598,1784.91,663.935,3404.66,0.6363388044,-17146
Nigeria,2006,0.2412043277,-1.869731216,48.48879871,8.852872608,5.9934726,3.17277,16932144079,1599.538916,38.80535889,7.385518074,22,42.56657,2.035752673,1687970,-2.034077644,-1.075395942,1958.42,664.3,2962.27,0.6193265574,-12093
Nigeria,2007,0.2605498357,-1.869903054,49.96237105,8.401379657,5.937099,3.281775,18014430787,1815.526975,38.80535889,7.93915844,22,39.33693,2.16919537,1579660,-2.014056444,-1.06105268,2141.08,718.32,3108.35,0.6023143104,-9162
Nigeria,2008,0.2131791416,-1.672776251,48.97535973,8.168912972,5.8503361,3.730263,19199974036,2154.105435,38.80535889,8.492798805,27,40.79684,2.413739183,1307630,-1.860711932,-1.038304806,2267.25,785.845,2915.79,0.5853020634,-13646
Nigeria,2009,0.1620078484,-1.765866134,50.98139707,7.838411937,5.8348775,4.178751,18370796915,1820.486339,38.80535889,9.046439171,25,36.05871,2.900248732,1482000,-1.994553804,-1.156107783,2871.93,849.355,2903.34,0.5682898164,-18422
Nigeria,2010,0.177737382,-1.758066879,50.78884367,6.552816976,5.5376334,2.04116,19744755063,2202.25673,38.80535889,9.600079536,24,43.23076,1.642073692,1050240,-2.211123228,-1.158836246,3173.35,895.71,3130.76,0.4966856539,47966
Nigeria,2011,0.1268251673,-1.821899501,49.24303152,7.171084296,5.5681806,2.150165,20616772501,2418.41317,38.80535889,10.1537199,24,53.27796,2.133117702,719406,-1.956454515,-1.17883873,3410.07,920.53,2968.91,0.564658761,67808
Nigeria,2012,0.0717773919,-1.640482147,50.18588448,7.724546672,5.6205397,2.25917,20542884460,2633.197347,38.80535889,10.70736027,27,44.53237,1.523782338,418166,-2.042073727,-1.138828754,3114.14,931.115,3076.81,0.549233079,71138
Nigeria,2013,0.06044643337,-1.353460795,52.36660112,8.928929322,5.7755241,4.17277,20797073957,2872.790834,38.80535889,11.26100063,25,31.04886,1.069539365,360537,-2.088478327,-1.120519757,3137.77,1011.415,3351.54,0.534206748,40201
Nigeria,2014,0.06303080643,-1.341512588,54.15312802,9.635811603,5.6204624,3.17277,20999084800,3088.721313,38.80535889,11.814641,27,30.88519,0.8174784679,183290,-2.130276442,-1.05607903,3554.04,1218.735,3959.1,0.4707425535,-19376
Nigeria,2015,0.07152728229,-1.480790204,58.12222192,9.428437322,5.694023695,3.281775,20626046924,2585.733607,38.80535889,12.36828136,26,21.33625,0.621501637,187155,-1.921705127,-0.9832653403,3561.88,1388.095,4501.92,0.4369549155,-116162
Pakistan,1995,0.1163247862,-1.371151512,44.86077124,14.61781361,3.2944183,6.508568462,1712219436,450.5502793,146.0992927,0,22.5,36.13275367,1.19175194,2127344,-0.9288104825,-0.9181607319,630.658,961.3670588,4737.810882,2.79531002,11534
Pakistan,1996,0.1125888042,-1.334123403,45.83498611,14.60800604,3.2750127,6.247951319,1284050241,456.9969618,148.0930796,0,10,38.33012683,1.456054495,2376786,-1.1273278,-0.625289619,727.91,949.2324191,4566.601412,2.810570002,-60855
Pakistan,1997,0.1088528222,-1.297095295,45.65097072,14.56036127,3.2918591,5.987334176,1707282925,438.0309427,71.63538361,0,25.3,36.8522661,1.14722858,2557619,-1.104361854,-0.9712744827,801.83,937.0977794,4395.391941,3.022300005,-55539
Pakistan,1998,0.1051168402,-1.379950246,45.29517608,14.68258059,3.2129705,5.726717033,1172000000,424.4536978,145.8488007,0,27,34.01172518,0.8136100455,2661000,-1.124120474,-0.7933382988,954.57,924.9631397,4224.182471,3.103049994,-112191
Pakistan,1999,0.1013808582,-1.254031721,45.83816451,14.41352528,3.2220919,5.46609989,996000000,418.2492571,220.0622177,0.4276735851,22,32.31996281,0.8447950066,2874000,-1.323421699,-0.9931691915,989.48,912.8285,4052.973,2.611490011,-134510
Pakistan,2000,0.09764487617,-1.136381568,52.06430074,9.094197863,3.2143302,5.205482747,1075000000,642.3383465,132.3658142,1.00308956,26.16,21.45996933,0.3095950263,3053460,-1.104804635,-1.000389218,1036.55,793.875,3716.74,1.837820053,252869
Pakistan,2001,0.09390889417,-1.120433161,52.96468254,9.505079703,3.1497841,4.944865604,1461000000,609.9395069,206.5792313,1.578505535,23,23.57720884,0.3891065865,3252000,-1.604552205,-0.9625408518,1233.34,1080.765,4455.44,2.166362699,-54727
Pakistan,2002,0.09017291217,-1.208690278,54.84464078,9.373964074,3.1196027,4.684248462,3554000000,599.9373457,147.3779449,2.153921511,26,23.1290206,0.8435173001,3655470,-1.637678623,-0.9316374063,1350.92,1025.65,4147.51,2.014821561,-653758
Pakistan,2003,0.08609156377,-1.165508216,54.94249681,9.557900858,3.132226,5.41261,3964000000,672.4417867,201.2990016,2.388380051,25,24.65016612,0.4752077118,4047420,-1.54904592,-0.9206246138,1465.01,878.92,3847.88,1.863280423,-219118
Pakistan,2004,0.08484984382,-1.109569061,53.66166372,10.45295151,3.0998683,4.46307,3945000000,771.9022473,264.2450256,3.002599955,21,24.80834087,0.8455857016,4502230,-1.582877994,-0.9944493771,1730.34,765.04,3119.14,1.443379998,-64669
Pakistan,2005,0.08907794094,-1.007276729,53.75628721,11.76255638,3.0615757,3.08057,4280000000,827.6198612,73.53751373,4.375400066,21,29.878498,1.515750831,5227830,-1.751388311,-0.8903214335,2356.02,780.37,2607.03,1.670580029,-189899
Pakistan,2006,0.08482258402,-0.8827222126,54.2181198,12.61423338,3.1081314,3.13215,5121000000,900.873565,190.9070115,4.453209877,22,33.04971214,2.639750062,5240010,-2.024678469,-0.8572475314,2796.17,728.905,2345.58,1.980559945,-183933
Pakistan,2007,0.07049364062,-0.7363983789,55.60289924,12.48148456,3.0934329,2.91953,5998000000,998.0901142,146.3651733,5.027880192,24,30.78788045,3.035719338,4806210,-2.432705164,-0.887544632,3335.15,790.59,2151.36,2.23465991,576349
Pakistan,2008,0.05319848655,-0.6596212043,56.21923867,13.25628901,3.0760548,3.13643,7039000000,1067.043246,183.990422,4.974440098,25,34.34896042,2.689366561,4416740,-2.573009491,-0.9726136923,4076.38,808.84,2134.76,2.27263999,-140746
Pakistan,2009,0.0572394908,-0.6880894394,53.40517149,12.53946637,3.0254672,2.82065,8717000000,963.7880664,146.8488007,6.090469837,24,33.32688559,1.248013055,6144250,-2.64452672,-0.8389772177,4827.6,787.305,1972.91,2.179160118,-18298
Pakistan,2010,0.05189040644,-0.7515280539,52.59959374,13.03550037,3.0640464,2.706576667,9690000000,987.3045711,178.2973981,7.659004402,23,31.98899821,1.027911081,6079100,-2.675933123,-0.7378055453,5470.45,758.105,1877.46,2.052680016,-431902
Pakistan,2011,0.04654592899,-0.7917423695,51.80657972,13.38113593,2.9720385,2.49866,12263000000,1131.735138,133.3658142,7.460753918,25,32.36263828,0.5750551458,5721730,-2.810035467,-0.9066281915,6069.82,693.5,1631.78,2.001009941,-890633
Pakistan,2012,0.05931070241,-0.8289661292,51.58986873,13.73907621,2.990294,2.04897,14007000000,1204.364755,169.8738107,8.49672699,27,31.31897077,0.3434530487,5861920,-2.677003622,-0.8834201694,6483.15,699.34,1660.83,1.978790045,-1647989
Pakistan,2013,0.05050252086,-0.8248928645,51.87805333,13.32076285,2.9821584,1.96194,14629000000,1225.434012,148.3779449,8.89682579,28,30.89027502,0.5153538493,6370860,-2.603302002,-0.8561866283,7175.1,718.685,1725.57,2.236989975,-1906319
Pakistan,2014,0.04861161479,-0.699928598,51.56330702,13.41402629,3.0795617,1.633136667,17244000000,1266.613408,166.3656894,8.926431656,29,29.46982583,0.6953081168,4897810,-2.401279211,-0.7511356473,7322.71,778.91,1884.1,2.204339981,-2037920
Pakistan,2015,0.04963877201,-0.7701785492,52.68658143,12.30144209,2.958150011,1.364776667,19306000000,1380.470208,265.2450256,8.611710548,30,26.6881846,0.557734356,3537600,-2.471883535,-0.7770049572,8116.95,866.145,2284.99,2.38609004,-2172162
Poland,1995,0.1925972051,0.4434124639,48.77086214,19.30157832,1.6815292,1.194357412,724000000,3700.959568,1298.934369,30.60811996,55.45714286,43.5552181,2.561633807,5728497,0.3651707252,0.4662626957,8022.094263,374.5195221,2023.350809,4.3302598,-52989
Poland,1996,0.1497653418,0.4774957359,50.29268765,18.25226954,1.6517915,1.205421706,774000000,4163.511954,1366.456665,34.57828903,55.7,45.37673445,2.798280777,6532394,0.8306446671,0.7674950361,11065.53,366.1604853,1944.449544,6.257380009,-45349
Poland,1997,0.1354609327,0.5115790078,51.94959749,17.58652322,1.5969528,1.216486,848000000,4137.008318,1447.919556,39.17061996,50.8,50.37637864,3.070785068,7510000,0.3329771645,0.4342479919,11075.57,357.8014485,1865.548279,5.163802736,-44230
Poland,1998,0.143851111,0.5294064419,53.29838996,17.27530303,1.6067291,1.29435,1070000000,4533.535655,1463.3396,38.76948929,46,56.54605566,3.641554854,8812342,0.8385974169,0.7987679243,11369.23,349.4424118,1786.647015,4.942009926,-39509
Poland,1999,0.1523884008,0.5327796682,54.16544227,16.73235352,1.6274902,1.10894,825000000,4415.500675,1470.795654,44.81254959,42,53.89801876,4.339078379,10175196,0.2976324552,0.3914890141,11933.1,341.083375,1707.74575,4.591819763,-53035
Poland,2000,0.1499687724,0.5959925953,56.84110958,15.92509469,1.6578443,1.1045,1496000000,4520.641004,1439.03833,50.4036293,41,60.61072094,5.397403661,10945600,0.3093052506,0.6333131194,12984.35,246.74,1323.02,4.983930111,-15921
Poland,2001,0.1421246642,0.6146956498,58.28054068,14.40242963,1.6816537,1.11204,1563000000,5015.2379,1452.054199,56.34569168,41,57.87853127,2.95949603,11400000,0.4027286113,0.3878805804,14359.62,286.16,1342.94,5.319029808,-16648
Poland,2002,0.1342792172,0.6641603777,58.7964554,14.13753743,1.6805208,1.19673,1685000000,5223.45179,1467.36438,59.53614044,40,60.79679906,2.048629658,11861300,0.7439978123,0.6704362035,15613.41,270.83,1510.6,5.387350082,-16462
Poland,2003,0.1375087243,0.6753742144,57.94828477,15.39186424,1.6893657,1.3412,2284000000,5720.813662,1516.543335,60.62147141,36,69.21344798,2.457434971,12292500,0.5780850649,0.5102912188,16749.52,314.63,1572.85,5.32449007,-19039
Poland,2004,0.107471213,0.7641130012,55.98337421,16.59196939,1.7400541,1.35398,4724000000,6711.727153,1578.620605,61.74369812,35,70.98157657,5.411508457,12553500,0.1538576633,0.4163069427,18896.41,346.02,1443.37,5.355579853,-38216
Poland,2005,0.09473369318,0.800482372,55.88572556,16.36455708,1.6407217,1.42058,7283000000,8043.923323,1610.994385,63.77914047,34,70.31147909,3.596417956,11836200,0.3630829453,0.4700913727,20405.04,343.83,1485.7,5.425749779,-41942
Poland,2006,0.09390414505,0.8600161725,55.7400722,16.53243275,1.6534371,1.42,9563000000,9068.855283,1544.71106,65.09007263,37,77.70080354,6.207906066,11475600,0.354031831,0.3827616274,22224.04,321.93,1254.13,5.207650185,-68882
Poland,2007,0.09095087853,0.9377506778,54.92941997,16.63275687,1.6942564,1.51762,11975000000,11272.52937,1593.492554,66.94246674,42,80.74539906,5.825021771,10490600,0.6828460097,0.4090722799,22093.36,333.245,1202.67,4.868740082,-51235
Poland,2008,0.08302672772,0.959294785,55.82992811,16.50773896,1.6735106,1.48913,12321000000,14048.56047,1604.705444,70.29463196,46,80.57468156,2.720999374,9453930,0.9110962749,0.5506221652,23900.02,328.865,1174.45,5.042399883,-42288
Poland,2009,0.08768039579,0.9803459275,56.20429413,16.67655295,1.7185929,1.52031,10214000000,11556.30269,1585.874878,72.67935944,50,74.96859653,3.18105495,8493450,0.9381353855,0.6458467841,23783.14,292.73,862.37,4.989769936,-8283
Poland,2010,0.08676024273,0.9937453779,55.32979572,16.1698748,1.7320163,1.45256,7712000000,12567.73177,1672.147705,76.55712128,53,82.22585232,3.944894621,7667090,1.01733005,0.7123590112,24723.17,250.39,654.87,5.107059956,119623
Poland,2011,0.08814362654,1.035365398,54.29432809,16.13890603,1.6629971,1.37639,7768000000,13867.66694,1660.829468,75.80210114,55,86.92368928,3.571289577,6852600,1.072062969,0.7949087024,25612.69,236.885,664,4.861020088,45951
Poland,2012,0.08297315742,1.022031387,55.33490071,16.55646938,1.6191711,1.04909,7041000000,13087.42094,1734.56897,75.03829193,58,88.82990331,1.528860914,5950900,1.04947865,0.8178685308,27711.05,207.685,538.67,4.861599922,4635
Poland,2013,0.08416957563,1.023307909,56.74106467,15.55818651,1.6259567,1.2111,7457000000,13621.90238,1850.416748,73.31726837,60,90.41750724,0.2589834466,8257430,0.9733549953,0.8395448327,29634.94,186.15,516.26,5.021240234,12402
Poland,2014,0.08776910137,1.017435779,55.70525996,16.90811228,1.6525975,1.404579,7468000000,14262.28419,2037.378784,70.2389679,61,92.03401971,3.850891765,9731940,0.8429408073,0.8716058731,31104.41,181.04,501.32,4.966569901,5525
Poland,2015,0.09211054384,1.030363911,55.29961913,17.66933913,1.676809023,1.415643294,6835000000,12637.52203,2141.182373,69.37319946,63,92.25542727,3.29546178,9053650,0.8623190522,0.8035946488,32723.75,173.375,546.14,4.817009926,3887
South Korea,1995,0.1027727591,0.3201601051,49.26055313,25.80146219,2.1539812,1.913565408,3278800000,12564.72437,1903.439193,47.96535873,42.9,52.46402196,0.438966359,18600203,0.5312656402,0.8011976958,7325.548,10101.89298,11592.34147,2.93543005,-208491
South Korea,1996,0.09103276218,0.3990369108,50.27848579,24.70505809,2.0887804,2.033197521,3353800000,13402.9946,2185.088135,53.74576187,50.2,52.65397293,0.4560390442,19600950,0.5667714477,0.7987473607,8866.52,9946.038515,12684.04535,2.706684947,-115705
South Korea,1997,0.08161442317,0.4779137165,50.75853992,24.66161551,2.0798426,2.152829635,3886700000,12398.49045,2240.74707,70.19715881,42.9,57.52303775,0.5793893633,20421913,0.4924500014,0.8241194435,11237.92,9790.184051,13775.74924,2.990329981,-109130
South Korea,1998,0.07714771572,0.472301088,52.19709863,25.46710788,2.0692694,2.40481,4955000000,8281.719483,2006.974243,67.23751831,42,68.49747206,1.562406112,20088543,0.5138727427,0.7787005305,12158.34,9634.329588,14867.45312,3.368139982,-98044
South Korea,1999,0.09134047584,0.5389242614,51.65035937,25.67377289,2.2001133,2.40071,4332100000,10672.44756,2160.126221,71.08815002,38,59.76275376,2.155979354,25619000,0.4576658504,0.8569695989,14682.76,9478.475125,15959.157,3.369290113,-107448
South Korea,2000,0.09196937367,0.5884666856,51.61843819,26.44837351,2.3158417,2.36277,4523500000,12257.02066,2323.040039,74.68985748,40,66.09516011,1.997537615,25863000,0.3980450332,0.8303397298,15875.05,7872.32,15588.23,3.93543005,-84960
South Korea,2001,0.09102770375,0.7198536208,53.08394528,24.87906659,2.1826034,2.3511,4516200000,11561.20717,2905.293213,77.34335327,42,62.22379722,1.190947724,25775000,0.4451402287,0.8837786094,18435.81,8641.74,16422.38,3.954113404,-28006
South Korea,2002,0.09201352409,0.8650298073,53.60723336,24.48564896,2.3511698,2.67042,5134800000,13165.08362,3006.55835,80.71604919,45,58.3530394,0.8728779218,25735000,0.2417736053,0.9200099707,20023.41,8984.84,18072.42,4.164559847,-18105
South Korea,2003,0.09363754746,0.9127590721,53.87127477,24.12400805,2.3834736,2.83611,5875200000,14672.80575,3188.398682,84.45639038,43,61.17460128,0.9975596714,25127600,0.2485430986,0.80029881,23879.88,9036.305,18863.41,3.370440245,-31994
South Korea,2004,0.09884844137,1.145035374,53.09698216,26.11841277,2.4616079,3.00591,5935200000,16496.13162,3279.128174,89.80090332,45,70.01571487,1.676098034,23567700,0.4288425744,0.9096040726,27741.08,8804.53,19448.56,3.371590376,-42549
South Korea,2005,0.09964882971,1.245132044,53.87891643,25.73718379,2.4936855,3.14001,5200400000,19402.50263,3760.668457,95.37001038,50,68.32481102,1.45932018,23905200,0.4851285815,0.9742228985,32097.53,8911.11,22365.18,4.93543005,-47821
South Korea,2006,0.09519898463,1.394195874,54.69918253,25.30537196,2.5355825,3.26971,4849500000,21743.47745,4169.482422,99.9493103,51,70.65187353,0.8698967814,22431500,0.4238554537,0.8379517198,37247.49,8741.75,23429.24,4.426182578,-28434
South Korea,2007,0.09743173211,1.435106919,55.07869334,25.48295331,2.4442,3.4243,5154900000,24086.41044,4610.681152,102.9492722,51,73.87452529,0.7527540477,23006700,0.566254735,1.010549784,41317.08,9014.405,27335.22,4.571433628,-42293
South Korea,2008,0.09125884373,1.436012902,56.18724044,25.62215148,2.3626955,3.68033,6978100000,21350.42798,4888.183105,103.1361771,56,95.51635243,1.068183262,24357600,0.4209686816,0.8605045676,43923.63,9293.995,30774.74,3.372740507,-19630
South Korea,2009,0.1041231256,1.455674745,55.99857203,25.77490296,2.3734162,3.94675,5999500000,19143.85161,5033.594727,102.6584473,55,86.13361937,0.9557685942,26893800,0.409627974,0.9942388535,45957.42,8535.89,30074.22,3.91358161,5308
South Korea,2010,0.106997939,1.501129912,54.69835731,27.43876659,2.511157,3.87893,5853700000,23079.26013,5424.87207,101.6732864,54,91.3995965,0.830430228,28543200,0.3258958161,1.00820756,50338.95,8207.39,31493.52,3.52756691,52042
South Korea,2011,0.1087513725,1.586077027,54.64985026,28.23679861,2.4348407,4.050421538,6602200000,25097.59543,5903.214844,100.8196793,54,105.5663136,0.7797878868,29468500,0.4124956429,1.025590301,53624.1,7759.9,31732.56,4.300364351,269958
South Korea,2012,0.1118084614,1.665934493,55.07320475,27.8318955,2.4393721,3.80905,6589100000,25459.1689,6388.425293,98.28697968,56,105.4583277,0.7430011138,30099200,0.2671033144,0.9848355651,56100.89,7269.34,31618.02,4.373106155,281866
South Korea,2013,0.1177880664,1.702447572,55.21360303,27.78585374,2.453593,3.48391,6475400000,27179.51701,6453.847168,96.33750153,55,97.95210495,0.9314382782,30333100,0.278578639,0.9451410174,57320.12,6896.31,30703.36,4.445847959,301926
South Korea,2014,0.1226616534,1.682946515,55.64499447,27.04245216,2.4187276,4.186575558,6573500000,29252.93124,6864.206055,94.44216919,55,90.6144419,0.6247000119,29481200,0.1085688025,1.005963326,60152.58,6425.825,28760.33,4.518589763,308037
South Korea,2015,0.1246910296,1.743352763,55.57650557,26.60603573,2.555049378,4.306207671,6463900000,28737.43917,7018.358887,93.96765137,54,79.13249439,0.2799448158,28882800,0.1563610435,0.9027395248,62722.77,6063.745,27136.85,4.454239845,276427
Vietnam,1995,0.07552382412,-1.346123884,44.0613914,16.27808831,3.1447542,0.7311418243,0,287.802661,419.0208646,2.837549925,23.58438596,74.72126592,6.344517062,775000,0.4552056852,-0.5371375976,164.5953333,41.245,198.536,7.045235327,-51147
Vietnam,1996,0.07524118933,-1.280796516,42.51128527,16.48126243,3.0600979,0.8319810538,0,337.0512318,435.6594188,4.058849812,23.90877193,92.7057468,9.713080637,1186367,0.5256955028,-0.4824266136,178.4,68.62,404.957,6.871453248,-48235
Vietnam,1997,0.07495855453,-1.215469148,42.15315841,16.68443654,3.0410647,0.9328202832,250000000,361.6438841,452.297973,6.801869869,27.9,94.34448407,8.270096758,1332909,0.4023232095,-0.5418694117,202.34,95.995,611.378,6.697671169,52382
Vietnam,1998,0.07467591973,-1.357221181,41.72795187,16.88761065,3.0256248,1.08192,545000000,361.3509284,468.9365272,9.478619576,25,97.00124851,6.141214403,1743567,0.3190048933,-0.4027213752,169.51,123.37,817.799,6.52388909,106091
Vietnam,1999,0.07439328494,-1.203489121,40.07081027,17.09078476,3.06656,1.00843,840000000,375.9944559,485.5750814,10.33390999,26,102.7874066,4.922663457,2105891,0.3868979555,-0.5657226644,199.92,150.745,1024.22,6.350107011,-15010
Vietnam,2000,0.06560907282,-0.9754750214,38.73464268,17.29395888,3.1374857,1.24934,1340000000,404.0297841,502.2136356,9.135250092,25,111.4170944,4.16392408,2542720,0.4087735713,-0.3455625474,202.08,178.12,1179.43,6.176324932,-144298
Vietnam,2001,0.06322048717,-0.8207556473,38.62953075,17.49713299,3.0530851,1.31421,1100000000,419.2056776,518.8521899,9.230179787,26,111.955938,3.977335453,3049930,0.3421608915,-0.6086612275,241.05,205.495,1537.16,6.002542853,-177586
Vietnam,2002,0.06813383753,-0.8631048005,38.48387904,17.7003071,2.9799531,1.55434,1770000000,445.1328618,116.2745895,9.580570221,24,116.6968687,3.992687051,3929140,0.3536811471,-0.6790016294,234.14,236.885,1596.92,5.828760774,-193766
Vietnam,2003,0.0858075353,-0.9082089054,37.98755549,17.90348121,3.0044546,1.79497,2100000000,497.1170892,681.1188843,10.05982018,24,124.3279544,3.6660123,4402000,0.1264243722,-0.636823535,300.38,297.475,1847.58,5.654978695,-216062
Vietnam,2004,0.07849993217,-0.7558679867,37.98355112,18.10665533,2.9597542,1.548149444,2310000000,565.4522846,681.6337402,14.20218215,26,133.0164979,3.544081073,10124900,0.1501535177,-0.6040710807,335.7,400.405,2016.07,5.481196616,-220458
Vietnam,2005,0.07770598744,-0.7344490503,42.56888122,18.82328356,2.9669538,1.53562,3150000000,710.74676,682.1485962,16.33279991,26,130.714846,3.390403639,7252429.2,0.4840376675,-0.317553699,403.83,470.12,2525.69,5.307414537,-208337
Vietnam,2006,0.0805028143,-0.5620163317,42.68848351,19.38072563,2.8303866,1.63487,3800000000,807.7566451,682.6634521,17.24201012,26,138.3136219,3.616000904,8567520,0.4051202536,-0.5188988447,454.15,490.56,3421.26,5.133632458,482399
Vietnam,2007,0.0783485841,-0.3588694424,42.83327545,19.3804145,2.7096896,1.76442,6180000000,925.6403383,683.1783081,19.23406029,26,154.605384,8.654717714,11165600,0.2518719733,-0.490206182,520.22,601.885,4934.35,4.959850379,523784
Vietnam,2008,0.07482767584,-0.3027021798,42.5091597,18.57965765,2.661447,2.20649,6804000000,1163.831958,683.6931641,20.0779705,27,154.3174796,9.663039055,14767600,0.1652608216,-0.4644539058,785.39,709.56,7675.01,4.886740208,571113
Vietnam,2009,0.07041749002,-0.3301257243,43.44335375,18.30103546,2.5503156,2.47672,6018000000,1226.169761,684.20802,21.50620079,27,134.7063177,7.168819889,17427400,0.2717759609,-0.531529665,886.15,895.71,7357.12,4.816500187,-18560
Vietnam,2010,0.07123982369,-0.3969496144,40.627372,17.13057057,2.4414215,2.3395,7569000000,1683.161824,684.722876,24.31082726,27,113.9776875,5.434739293,14374400,0.1484078765,-0.5813049078,1099.63,883.3,9174.82,4.045939922,-4443
Vietnam,2011,0.06864564678,-0.2690359809,38.90701453,18.69414554,2.4290113,2.33366,8326000000,1950.925042,685.2377319,26.61821175,29,125.2605779,4.304874349,10174800,0.1890884489,-0.5418807864,1220.53,966.885,9332.52,3.780230045,-4602
Vietnam,2012,0.06393873768,-0.2362184901,39.11884011,20.27409248,2.6099918,2.34406,7912000000,2185.117677,684.6634521,26.90958977,31,123.2241167,4.278322877,9556090,0.2673586607,-0.5549237728,1559.95,1016.525,9447.06,4.408170223,-4851
Vietnam,2013,0.0614377464,-0.2337778739,40.54201013,20.68745369,2.7515202,2.37978,9429000000,2359.517365,686.8120117,26.94031143,31,130.8463549,4.164545173,6725330,0.250577271,-0.515209794,1881.36,935.13,9865.38,4.528339863,-4979
Vietnam,2014,0.06670409454,-0.1694867372,40.92360929,20.37122923,2.6412842,2.677432778,9794000000,2546.384645,688.9605713,32.8659935,31,135.4105215,3.940861891,6725330,-0.02234735712,-0.3602284491,1943.68,1069.815,10332.67,3.540123224,-4894
Vietnam,2015,0.07681476092,-0.229710656,42.19300877,20.96009168,2.491642825,2.790361111,8050696859,2577.568853,685.6634521,31.08920479,31,144.9142282,4.931907733,7324950,0.0638082251,-0.3550045192,2223.04,1179.315,11943.7,3.416604519,-4888